{
  "id": "1792850",
  "name": "列表作业",
  "font_family": "iconfont",
  "css_prefix_text": "icon",
  "description": "",
  "glyphs": [
    {
      "icon_id": "1059868",
      "name": "分期商城－待支付",
      "font_class": "daizhifu",
      "unicode": "e69f",
      "unicode_decimal": 59039
    },
    {
      "icon_id": "554348",
      "name": "美元",
      "font_class": "iconset0299",
      "unicode": "e6c6",
      "unicode_decimal": 59078
    },
    {
      "icon_id": "2783598",
      "name": "日历",
      "font_class": "rili1",
      "unicode": "e638",
      "unicode_decimal": 58936
    },
    {
      "icon_id": "5387487",
      "name": "钥匙",
      "font_class": "yuechi",
      "unicode": "eae6",
      "unicode_decimal": 60134
    },
    {
      "icon_id": "749910",
      "name": "chat",
      "font_class": "chat",
      "unicode": "e610",
      "unicode_decimal": 58896
    },
    {
      "icon_id": "5634143",
      "name": "home",
      "font_class": "ADDRESS",
      "unicode": "f017",
      "unicode_decimal": 61463
    },
    {
      "icon_id": "7685077",
      "name": "email",
      "font_class": "email",
      "unicode": "e6f2",
      "unicode_decimal": 59122
    },
    {
      "icon_id": "421702",
      "name": "Instargam",
      "font_class": "weibiaoti504",
      "unicode": "e611",
      "unicode_decimal": 58897
    },
    {
      "icon_id": "621506",
      "name": "google+",
      "font_class": "555",
      "unicode": "e63d",
      "unicode_decimal": 58941
    },
    {
      "icon_id": "9785636",
      "name": "facebook",
      "font_class": "facebook",
      "unicode": "e650",
      "unicode_decimal": 58960
    },
    {
      "icon_id": "992",
      "name": "话费",
      "font_class": "huafei",
      "unicode": "e606",
      "unicode_decimal": 58886
    },
    {
      "icon_id": "100539",
      "name": "水电煤",
      "font_class": "shuidianmei",
      "unicode": "e607",
      "unicode_decimal": 58887
    },
    {
      "icon_id": "563533",
      "name": "hot",
      "font_class": "hot",
      "unicode": "e619",
      "unicode_decimal": 58905
    },
    {
      "icon_id": "1236842",
      "name": "钱包",
      "font_class": "08",
      "unicode": "e60e",
      "unicode_decimal": 58894
    },
    {
      "icon_id": "1311992",
      "name": "皇冠",
      "font_class": "huangguan",
      "unicode": "e642",
      "unicode_decimal": 58946
    },
    {
      "icon_id": "3896052",
      "name": "狮子",
      "font_class": "shizi",
      "unicode": "e61c",
      "unicode_decimal": 58908
    },
    {
      "icon_id": "4157663",
      "name": "钻石",
      "font_class": "Shapecopy",
      "unicode": "e60f",
      "unicode_decimal": 58895
    },
    {
      "icon_id": "4941944",
      "name": "公益",
      "font_class": "public-welfare",
      "unicode": "e654",
      "unicode_decimal": 58964
    },
    {
      "icon_id": "8361796",
      "name": "卡片",
      "font_class": "qiapian",
      "unicode": "e6c4",
      "unicode_decimal": 59076
    },
    {
      "icon_id": "13543882",
      "name": "优惠券",
      "font_class": "youhuiquan",
      "unicode": "e629",
      "unicode_decimal": 58921
    },
    {
      "icon_id": "1309836",
      "name": "更多",
      "font_class": "gengduo-2",
      "unicode": "e626",
      "unicode_decimal": 58918
    },
    {
      "icon_id": "1683614",
      "name": "油表",
      "font_class": "youbiao",
      "unicode": "e68c",
      "unicode_decimal": 59020
    },
    {
      "icon_id": "1055088",
      "name": "向右",
      "font_class": "webicon213",
      "unicode": "e68b",
      "unicode_decimal": 59019
    },
    {
      "icon_id": "6149937",
      "name": "向右",
      "font_class": "xiangyou",
      "unicode": "e653",
      "unicode_decimal": 58963
    },
    {
      "icon_id": "1536496",
      "name": "房子",
      "font_class": "fangzi",
      "unicode": "e683",
      "unicode_decimal": 59011
    },
    {
      "icon_id": "715906",
      "name": "火箭",
      "font_class": "huojian1",
      "unicode": "e618",
      "unicode_decimal": 58904
    },
    {
      "icon_id": "2276493",
      "name": "飞机",
      "font_class": "icon-test",
      "unicode": "e6a1",
      "unicode_decimal": 59041
    },
    {
      "icon_id": "478795",
      "name": "洗车",
      "font_class": "xiche",
      "unicode": "e623",
      "unicode_decimal": 58915
    },
    {
      "icon_id": "5329953",
      "name": "轮船",
      "font_class": "lunchuan",
      "unicode": "e74e",
      "unicode_decimal": 59214
    },
    {
      "icon_id": "9605011",
      "name": "轮船",
      "font_class": "lunchuan1",
      "unicode": "e932",
      "unicode_decimal": 59698
    },
    {
      "icon_id": "201227",
      "name": "3.1我的-选中",
      "font_class": "31wodexuanzhong",
      "unicode": "e605",
      "unicode_decimal": 58885
    },
    {
      "icon_id": "7122926",
      "name": "内科",
      "font_class": "neike",
      "unicode": "e784",
      "unicode_decimal": 59268
    },
    {
      "icon_id": "7123004",
      "name": "肿瘤科",
      "font_class": "zhongliuke",
      "unicode": "e788",
      "unicode_decimal": 59272
    },
    {
      "icon_id": "7123016",
      "name": "内分泌科",
      "font_class": "neifenmike",
      "unicode": "e78a",
      "unicode_decimal": 59274
    },
    {
      "icon_id": "8540073",
      "name": "阳光",
      "font_class": "yangguang",
      "unicode": "e7b5",
      "unicode_decimal": 59317
    },
    {
      "icon_id": "10527140",
      "name": "糖尿病",
      "font_class": "tangniaobing",
      "unicode": "e617",
      "unicode_decimal": 58903
    },
    {
      "icon_id": "13042705",
      "name": "糖尿病",
      "font_class": "tangniaobing1",
      "unicode": "e61b",
      "unicode_decimal": 58907
    },
    {
      "icon_id": "2102379",
      "name": "整容",
      "font_class": "zhengrong",
      "unicode": "e60b",
      "unicode_decimal": 58891
    },
    {
      "icon_id": "115351",
      "name": "心血管",
      "font_class": "xinxieguan",
      "unicode": "e64c",
      "unicode_decimal": 58956
    },
    {
      "icon_id": "219827",
      "name": "口腔",
      "font_class": "kouqiang",
      "unicode": "e616",
      "unicode_decimal": 58902
    },
    {
      "icon_id": "637361",
      "name": "肛肠科",
      "font_class": "gangchangke",
      "unicode": "e6b5",
      "unicode_decimal": 59061
    },
    {
      "icon_id": "637366",
      "name": "耳鼻喉科",
      "font_class": "erbihouke",
      "unicode": "e6ba",
      "unicode_decimal": 59066
    },
    {
      "icon_id": "1000358",
      "name": "肛肠科",
      "font_class": "gangchangke1",
      "unicode": "e72d",
      "unicode_decimal": 59181
    },
    {
      "icon_id": "1091451",
      "name": "眼睛",
      "font_class": "yanjing",
      "unicode": "e71f",
      "unicode_decimal": 59167
    },
    {
      "icon_id": "1957858",
      "name": "心血管",
      "font_class": "xinxieguan1",
      "unicode": "e65a",
      "unicode_decimal": 58970
    },
    {
      "icon_id": "4604691",
      "name": "肾病科-S1",
      "font_class": "shenbingke-S",
      "unicode": "e79e",
      "unicode_decimal": 59294
    },
    {
      "icon_id": "4748103",
      "name": "病毒",
      "font_class": "bingdu",
      "unicode": "e7c6",
      "unicode_decimal": 59334
    },
    {
      "icon_id": "5220141",
      "name": "骨头",
      "font_class": "gutou",
      "unicode": "e609",
      "unicode_decimal": 58889
    },
    {
      "icon_id": "8224311",
      "name": "手",
      "font_class": "shou",
      "unicode": "e63f",
      "unicode_decimal": 58943
    },
    {
      "icon_id": "8288844",
      "name": "骨头",
      "font_class": "gutou1",
      "unicode": "e84c",
      "unicode_decimal": 59468
    },
    {
      "icon_id": "8838630",
      "name": "肾病",
      "font_class": "shenbing",
      "unicode": "ec54",
      "unicode_decimal": 60500
    },
    {
      "icon_id": "11650198",
      "name": "口腔",
      "font_class": "kouqiang1",
      "unicode": "e604",
      "unicode_decimal": 58884
    },
    {
      "icon_id": "11695618",
      "name": "耳鼻喉",
      "font_class": "erbihou",
      "unicode": "e6a0",
      "unicode_decimal": 59040
    },
    {
      "icon_id": "11741480",
      "name": "肝病科",
      "font_class": "ganbingke",
      "unicode": "e65c",
      "unicode_decimal": 58972
    },
    {
      "icon_id": "11776719",
      "name": "肝病科",
      "font_class": "ganbingke1",
      "unicode": "e6c2",
      "unicode_decimal": 59074
    },
    {
      "icon_id": "13062675",
      "name": "泌尿系统",
      "font_class": "miniaoxitong",
      "unicode": "e692",
      "unicode_decimal": 59026
    },
    {
      "icon_id": "13266381",
      "name": "综合眼科",
      "font_class": "zongheyanke",
      "unicode": "e608",
      "unicode_decimal": 58888
    },
    {
      "icon_id": "13354801",
      "name": "病毒",
      "font_class": "bingdu1",
      "unicode": "ea2a",
      "unicode_decimal": 59946
    },
    {
      "icon_id": "1239417",
      "name": "in",
      "font_class": "in1",
      "unicode": "e60d",
      "unicode_decimal": 58893
    },
    {
      "icon_id": "1903849",
      "name": "web__谷歌验证",
      "font_class": "web__gugeyanzheng",
      "unicode": "e641",
      "unicode_decimal": 58945
    },
    {
      "icon_id": "8356570",
      "name": "推特1",
      "font_class": "tuite",
      "unicode": "e652",
      "unicode_decimal": 58962
    },
    {
      "icon_id": "705368",
      "name": "云主机,云服务器架构",
      "font_class": "yunzhuji",
      "unicode": "e63b",
      "unicode_decimal": 58939
    },
    {
      "icon_id": "3901939",
      "name": "拓扑图_接口服务器",
      "font_class": "tuoputu_jiekoufuwuqi",
      "unicode": "e63c",
      "unicode_decimal": 58940
    },
    {
      "icon_id": "1973114",
      "name": "云服务器",
      "font_class": "cloud__easyic",
      "unicode": "e600",
      "unicode_decimal": 58880
    },
    {
      "icon_id": "2271297",
      "name": "云服务器",
      "font_class": "yunfuwuqi",
      "unicode": "e624",
      "unicode_decimal": 58916
    },
    {
      "icon_id": "4562507",
      "name": "业务服务器",
      "font_class": "weiwangguanicon-defuben-",
      "unicode": "e66e",
      "unicode_decimal": 58990
    },
    {
      "icon_id": "5651347",
      "name": "服务器",
      "font_class": "fuwuqi",
      "unicode": "e65b",
      "unicode_decimal": 58971
    },
    {
      "icon_id": "7494740",
      "name": "云服务，云存储，云端，服务器",
      "font_class": "huaban",
      "unicode": "e6a2",
      "unicode_decimal": 59042
    },
    {
      "icon_id": "12796380",
      "name": "服务器",
      "font_class": "fuwuqi1",
      "unicode": "e639",
      "unicode_decimal": 58937
    },
    {
      "icon_id": "792378",
      "name": "in",
      "font_class": "in",
      "unicode": "e6c1",
      "unicode_decimal": 59073
    },
    {
      "icon_id": "5950863",
      "name": "脸书",
      "font_class": "lianshu",
      "unicode": "e633",
      "unicode_decimal": 58931
    },
    {
      "icon_id": "1166550",
      "name": "加号",
      "font_class": "jiahao",
      "unicode": "e635",
      "unicode_decimal": 58933
    },
    {
      "icon_id": "14400789",
      "name": "加号",
      "font_class": "jiahao-copy",
      "unicode": "eba9",
      "unicode_decimal": 60329
    },
    {
      "icon_id": "648771",
      "name": "火箭",
      "font_class": "huojian",
      "unicode": "e61a",
      "unicode_decimal": 58906
    },
    {
      "icon_id": "1110423",
      "name": "微信",
      "font_class": "weixin",
      "unicode": "e615",
      "unicode_decimal": 58901
    },
    {
      "icon_id": "4936952",
      "name": "IE",
      "font_class": "IE",
      "unicode": "e87a",
      "unicode_decimal": 59514
    },
    {
      "icon_id": "6184947",
      "name": "APP族谱管理",
      "font_class": "APPzupuguanli",
      "unicode": "e601",
      "unicode_decimal": 58881
    },
    {
      "icon_id": "10905663",
      "name": "小程序 (1)",
      "font_class": "xiaochengxu",
      "unicode": "e63a",
      "unicode_decimal": 58938
    },
    {
      "icon_id": "12865656",
      "name": "custom",
      "font_class": "custom",
      "unicode": "e6e7",
      "unicode_decimal": 59111
    },
    {
      "icon_id": "3722133",
      "name": "时间",
      "font_class": "shijian",
      "unicode": "e602",
      "unicode_decimal": 58882
    },
    {
      "icon_id": "4292668",
      "name": "钥匙",
      "font_class": "san",
      "unicode": "e768",
      "unicode_decimal": 59240
    },
    {
      "icon_id": "4294066",
      "name": "钱",
      "font_class": "qian",
      "unicode": "e783",
      "unicode_decimal": 59267
    },
    {
      "icon_id": "5173346",
      "name": "刷子",
      "font_class": "shuazi",
      "unicode": "e603",
      "unicode_decimal": 58883
    },
    {
      "icon_id": "5327492",
      "name": "飞机",
      "font_class": "feiji",
      "unicode": "e704",
      "unicode_decimal": 59140
    },
    {
      "icon_id": "5327639",
      "name": "卡车",
      "font_class": "qiache",
      "unicode": "e73b",
      "unicode_decimal": 59195
    },
    {
      "icon_id": "5638171",
      "name": "时钟",
      "font_class": "shizhong",
      "unicode": "e614",
      "unicode_decimal": 58900
    },
    {
      "icon_id": "5755508",
      "name": "汽车维修",
      "font_class": "qicheweixiu",
      "unicode": "e681",
      "unicode_decimal": 59009
    },
    {
      "icon_id": "8555014",
      "name": "car-washing-fill",
      "font_class": "car-washing-fill",
      "unicode": "e6d6",
      "unicode_decimal": 59094
    },
    {
      "icon_id": "11650520",
      "name": "car",
      "font_class": "car",
      "unicode": "e7b3",
      "unicode_decimal": 59315
    },
    {
      "icon_id": "11749525",
      "name": "日历",
      "font_class": "rili",
      "unicode": "e6ae",
      "unicode_decimal": 59054
    },
    {
      "icon_id": "14455980",
      "name": "car-washing-fill",
      "font_class": "car-washing-fill-copy",
      "unicode": "ec56",
      "unicode_decimal": 60502
    },
    {
      "icon_id": "14451681",
      "name": "飞机",
      "font_class": "xiaofeiji",
      "unicode": "ec55",
      "unicode_decimal": 60501
    },
    {
      "icon_id": "7766759",
      "name": "icon_dmail",
      "font_class": "icon_dmail",
      "unicode": "eb94",
      "unicode_decimal": 60308
    },
    {
      "icon_id": "5387637",
      "name": "纸币_人民币",
      "font_class": "zhibi_renminbi",
      "unicode": "eb1e",
      "unicode_decimal": 60190
    },
    {
      "icon_id": "6150969",
      "name": "key",
      "font_class": "key",
      "unicode": "e775",
      "unicode_decimal": 59253
    },
    {
      "icon_id": "6151276",
      "name": "calendar-alt",
      "font_class": "calendar-alt",
      "unicode": "e81a",
      "unicode_decimal": 59418
    },
    {
      "icon_id": "7766793",
      "name": "icon_sms",
      "font_class": "icon_sms",
      "unicode": "eb9e",
      "unicode_decimal": 60318
    },
    {
      "icon_id": "7772217",
      "name": "icon_phone_fill",
      "font_class": "icon_phone_fill",
      "unicode": "ebad",
      "unicode_decimal": 60333
    }
  ]
}
