{
  "id": "1833172",
  "name": "万息官网首页",
  "font_family": "iconfont",
  "css_prefix_text": "icon",
  "description": "",
  "glyphs": [
    {
      "icon_id": "6129078",
      "name": "42指向上、上箭头",
      "font_class": "zhixiangshangshangjiantou",
      "unicode": "e769",
      "unicode_decimal": 59241
    },
    {
      "icon_id": "8949038",
      "name": "向右",
      "font_class": "xiangyou",
      "unicode": "e660",
      "unicode_decimal": 58976
    },
    {
      "icon_id": "1975648",
      "name": "VS-01",
      "font_class": "VS-",
      "unicode": "e737",
      "unicode_decimal": 59191
    },
    {
      "icon_id": "706857",
      "name": "时间",
      "font_class": "shijian",
      "unicode": "e61e",
      "unicode_decimal": 58910
    },
    {
      "icon_id": "827783",
      "name": "眼睛",
      "font_class": "liulan",
      "unicode": "e681",
      "unicode_decimal": 59009
    },
    {
      "icon_id": "6171698",
      "name": "地址",
      "font_class": "dizhi",
      "unicode": "e628",
      "unicode_decimal": 58920
    },
    {
      "icon_id": "9626845",
      "name": "地址",
      "font_class": "dizhi1",
      "unicode": "e868",
      "unicode_decimal": 59496
    },
    {
      "icon_id": "681206",
      "name": "圆点中",
      "font_class": "yuandianzhong",
      "unicode": "e758",
      "unicode_decimal": 59224
    },
    {
      "icon_id": "6687156",
      "name": "圆点",
      "font_class": "yuandian",
      "unicode": "e683",
      "unicode_decimal": 59011
    },
    {
      "icon_id": "9777348",
      "name": "方向",
      "font_class": "you",
      "unicode": "e603",
      "unicode_decimal": 58883
    },
    {
      "icon_id": "10177205",
      "name": "维护",
      "font_class": "weihu",
      "unicode": "e69d",
      "unicode_decimal": 59037
    },
    {
      "icon_id": "774494",
      "name": "售后2",
      "font_class": "shouhou2",
      "unicode": "e68e",
      "unicode_decimal": 59022
    },
    {
      "icon_id": "1723005",
      "name": "开发者中心",
      "font_class": "kaifazhezhongxin",
      "unicode": "e7c2",
      "unicode_decimal": 59330
    },
    {
      "icon_id": "13868174",
      "name": "网站",
      "font_class": "wangzhan",
      "unicode": "e653",
      "unicode_decimal": 58963
    },
    {
      "icon_id": "5737145",
      "name": "设计与开发-10",
      "font_class": "shejiyukaifa-",
      "unicode": "eacb",
      "unicode_decimal": 60107
    },
    {
      "icon_id": "9512531",
      "name": "合同",
      "font_class": "contract-fill",
      "unicode": "e619",
      "unicode_decimal": 58905
    },
    {
      "icon_id": "12292207",
      "name": "沟通",
      "font_class": "goutong",
      "unicode": "e60f",
      "unicode_decimal": 58895
    },
    {
      "icon_id": "13604621",
      "name": "合同付款",
      "font_class": "hetongfukuan",
      "unicode": "e651",
      "unicode_decimal": 58961
    },
    {
      "icon_id": "1166550",
      "name": "加号",
      "font_class": "jiahao",
      "unicode": "e635",
      "unicode_decimal": 58933
    }
  ]
}
