{
  "id": "1787429",
  "name": "4.28作业",
  "font_family": "iconfont",
  "css_prefix_text": "icon",
  "description": "",
  "glyphs": [
    {
      "icon_id": "4382990",
      "name": "删除项目",
      "font_class": "shanchuxiangmu",
      "unicode": "e613",
      "unicode_decimal": 58899
    },
    {
      "icon_id": "1240742",
      "name": "参与",
      "font_class": "canyu",
      "unicode": "e610",
      "unicode_decimal": 58896
    },
    {
      "icon_id": "7772199",
      "name": "icon_discovery_fill",
      "font_class": "icon_discovery_fill",
      "unicode": "eba8",
      "unicode_decimal": 60328
    },
    {
      "icon_id": "8966922",
      "name": "省略号2",
      "font_class": "ellipsis2",
      "unicode": "e701",
      "unicode_decimal": 59137
    },
    {
      "icon_id": "9974429",
      "name": "省略号",
      "font_class": "shenglvehao",
      "unicode": "e708",
      "unicode_decimal": 59144
    },
    {
      "icon_id": "7766778",
      "name": "icon_roundreduce",
      "font_class": "icon_roundreduce",
      "unicode": "eb9b",
      "unicode_decimal": 60315
    },
    {
      "icon_id": "8106217",
      "name": "delete",
      "font_class": "delete",
      "unicode": "e699",
      "unicode_decimal": 59033
    },
    {
      "icon_id": "8776715",
      "name": "time",
      "font_class": "icon-test1",
      "unicode": "e639",
      "unicode_decimal": 58937
    },
    {
      "icon_id": "11474219",
      "name": "all",
      "font_class": "all",
      "unicode": "e6ef",
      "unicode_decimal": 59119
    },
    {
      "icon_id": "504564",
      "name": "查看",
      "font_class": "chakan",
      "unicode": "e60f",
      "unicode_decimal": 58895
    },
    {
      "icon_id": "3092325",
      "name": "下载 ",
      "font_class": "xiazai1",
      "unicode": "e794",
      "unicode_decimal": 59284
    },
    {
      "icon_id": "1969939",
      "name": "使用帮助",
      "font_class": "shiyongbangzhu",
      "unicode": "e62a",
      "unicode_decimal": 58922
    },
    {
      "icon_id": "14384104",
      "name": "gouwu-mianxing",
      "font_class": "gouwu-mianxing",
      "unicode": "e602",
      "unicode_decimal": 58882
    },
    {
      "icon_id": "14384105",
      "name": "005-prisoner",
      "font_class": "005-prisoner",
      "unicode": "e603",
      "unicode_decimal": 58883
    },
    {
      "icon_id": "14384106",
      "name": "003-cop",
      "font_class": "003-cop",
      "unicode": "e604",
      "unicode_decimal": 58884
    },
    {
      "icon_id": "14384107",
      "name": "004-judge",
      "font_class": "004-judge",
      "unicode": "e606",
      "unicode_decimal": 58886
    },
    {
      "icon_id": "14384108",
      "name": "qianbi-xianxing",
      "font_class": "qianbi-xianxing",
      "unicode": "e607",
      "unicode_decimal": 58887
    },
    {
      "icon_id": "14384109",
      "name": "gouwu-xianxing",
      "font_class": "gouwu-xianxing",
      "unicode": "e608",
      "unicode_decimal": 58888
    },
    {
      "icon_id": "14384110",
      "name": "shuju-mianxing",
      "font_class": "shuju-mianxing",
      "unicode": "e609",
      "unicode_decimal": 58889
    },
    {
      "icon_id": "14384111",
      "name": "qianbao-mianxing",
      "font_class": "qianbao-mianxing",
      "unicode": "e60a",
      "unicode_decimal": 58890
    },
    {
      "icon_id": "14384112",
      "name": "shuju-xianxing",
      "font_class": "shuju-xianxing",
      "unicode": "e60b",
      "unicode_decimal": 58891
    },
    {
      "icon_id": "14384113",
      "name": "yuangongguanli-xianxing",
      "font_class": "yuangongguanli-xianxing",
      "unicode": "e60c",
      "unicode_decimal": 58892
    },
    {
      "icon_id": "217376",
      "name": "Members",
      "font_class": "members",
      "unicode": "e638",
      "unicode_decimal": 58936
    },
    {
      "icon_id": "297679",
      "name": "文本编辑",
      "font_class": "wenbenbianji",
      "unicode": "e6d5",
      "unicode_decimal": 59093
    },
    {
      "icon_id": "720975",
      "name": "搜索",
      "font_class": "search",
      "unicode": "e611",
      "unicode_decimal": 58897
    },
    {
      "icon_id": "2712643",
      "name": "笔记",
      "font_class": "biji",
      "unicode": "e601",
      "unicode_decimal": 58881
    },
    {
      "icon_id": "11558844",
      "name": "更多操作",
      "font_class": "gengduocaozuo",
      "unicode": "e63f",
      "unicode_decimal": 58943
    },
    {
      "icon_id": "1066388",
      "name": "时间",
      "font_class": "time",
      "unicode": "e60d",
      "unicode_decimal": 58893
    },
    {
      "icon_id": "5807789",
      "name": "批量操作",
      "font_class": "piliang-copy",
      "unicode": "e61b",
      "unicode_decimal": 58907
    },
    {
      "icon_id": "12323390",
      "name": "回收站",
      "font_class": "huishouzhan",
      "unicode": "e646",
      "unicode_decimal": 58950
    },
    {
      "icon_id": "1166550",
      "name": "加号",
      "font_class": "jiahao",
      "unicode": "e635",
      "unicode_decimal": 58933
    },
    {
      "icon_id": "551841",
      "name": "省略号",
      "font_class": "more",
      "unicode": "e637",
      "unicode_decimal": 58935
    },
    {
      "icon_id": "7932260",
      "name": "english",
      "font_class": "english",
      "unicode": "e605",
      "unicode_decimal": 58885
    },
    {
      "icon_id": "14343923",
      "name": "wordpress-simple",
      "font_class": "wordpress-simple",
      "unicode": "e600",
      "unicode_decimal": 58880
    },
    {
      "icon_id": "6550073",
      "name": "排序",
      "font_class": "paixu",
      "unicode": "e682",
      "unicode_decimal": 59010
    },
    {
      "icon_id": "5641060",
      "name": "新建文件",
      "font_class": "xinjianwenjian",
      "unicode": "e629",
      "unicode_decimal": 58921
    },
    {
      "icon_id": "11697859",
      "name": "新建文件",
      "font_class": "xinjianwenjian1",
      "unicode": "e60e",
      "unicode_decimal": 58894
    },
    {
      "icon_id": "5756347",
      "name": "上传",
      "font_class": "shangchuan-copy",
      "unicode": "e621",
      "unicode_decimal": 58913
    },
    {
      "icon_id": "8776842",
      "name": "search",
      "font_class": "icon-test",
      "unicode": "e63c",
      "unicode_decimal": 58940
    },
    {
      "icon_id": "11372723",
      "name": "下载",
      "font_class": "xiazai",
      "unicode": "e8bc",
      "unicode_decimal": 59580
    },
    {
      "icon_id": "11488003",
      "name": "cart-Empty",
      "font_class": "cart-Empty",
      "unicode": "e747",
      "unicode_decimal": 59207
    }
  ]
}
